metric,n_fandom,n_reddit,mean_fandom,mean_reddit,t_stat,p_value,cohen_d,p_fdr,significant_fdr
Ratio_P1_rest,11276,13600,0.3978435872448888,0.5494023806405253,-55.85254565719992,0.0,-0.7464673562008296,0.0,True
fear,11379,13601,0.3604728056719587,0.4594273034751482,-32.083406365043,3.7426239557526043e-221,-0.40901068747483543,5.052542340266016e-220,True
Densité Lexicale,11379,13601,0.4750463833073732,0.4606631542285562,30.099984138654428,2.469268062918397e-194,0.3976446258293488,2.2223412566265575e-193,True
Coleman-Liau Index,11379,13601,6.582162755953951,5.975468715535623,28.61140011999072,1.6806950367929186e-176,0.37422784885886395,1.1344691498352201e-175,True
disgust,11379,13601,0.2326430608269916,0.1721363915034997,27.935591071439127,8.669389617137884e-169,0.3610641755026583,4.681470393254458e-168,True
Indice Honore's R,11379,13601,2084.3130796087376,1974.4709734387116,25.96086922745043,5.01782252373757e-146,0.34200214705545134,2.2580201356819064e-145,True
noun_adj_verb_ratio,11379,13601,1.5577742187394135,1.4315823951815756,24.419334641569105,1.0246420714944687e-129,0.3211394277585278,3.952190847192951e-129,True
noun_verb_ratio,11379,13601,1.1456016579475914,1.0593798787822084,22.126609171777908,3.890663134015567e-107,0.29108321607338244,1.313098807730254e-106,True
nll,11379,13601,2.8924533045452185,2.798407018931856,20.98134334217607,9.215741708878402e-97,0.272324728189426,2.764722512663521e-96,True
passive_verb_ratio,11379,13601,0.03967207976289365,0.03195150712704456,20.88345515035506,1.0372155770922066e-95,0.2765709327438224,2.8004820581489578e-95,True
Dale-Chall Readability Score,11379,13601,6.984152385974163,6.785454745974561,15.762133943370527,1.2298457384413287e-55,0.20633648263097032,3.0187122670832618e-55,True
Hapax Legomena,11379,13601,371.3981017664118,325.40467612675536,14.730878609517623,8.200213094318199e-49,0.19636083831352064,1.845047946221595e-48,True
Ratio Types/Tokens,11379,13601,0.6820784169040879,0.6967937123476199,-13.894228684954104,1.4339824135111732e-43,-0.19083228887088968,2.978271166523206e-43,True
SMOG Index,11379,13601,8.088461200456981,7.851290346298066,12.936888956368767,3.9792304834291873e-38,0.16948664370950417,7.674230218042005e-38,True
sadness,11379,13601,0.07282621833106294,0.055316419520768885,12.504096308428347,9.889733098816645e-36,0.16507072721390362,1.780151957786996e-35,True
longueur_texte,11379,13601,11622.514104930135,8591.618116314978,10.957802917470929,8.187318418749252e-28,0.15089161065709994,1.3816099831639363e-27,True
anger,11379,13601,0.09400498381954338,0.0807692301833845,10.933796159529825,9.395166341618417e-28,0.14168590956369084,1.4921734777864545e-27,True
nombre_mots,11379,13601,2095.9010457860973,1581.9005955444452,10.427667019430757,2.361110734470035e-25,0.14355706353486244,3.5416661017050525e-25,True
Flesch Reading Ease,11379,13601,81.86683715616486,83.55205720167635,-10.013285974325349,1.4774690353418494e-23,-0.1262713079543526,2.099561260748944e-23,True
Indice Lix,11379,13601,31.722979116126304,30.312773182874533,9.856075870136497,7.141634705159186e-23,0.12081282034154173,9.641206851964902e-23,True
Automated Readability Index,11379,13601,6.984049564988136,6.598264833468128,5.3179448824223075,1.0584858379981504e-07,0.06633143734299425,1.360910363140479e-07,True
neutral,11379,13601,0.1404952523498681,0.1328929142101057,4.406974050133017,1.0532413769178622e-05,0.057020706356157295,1.2926144171264673e-05,True
joy,11379,13601,0.01506073287910699,0.013173150338588216,3.288921308632324,0.0010073268035961631,0.04260805443911432,0.0011825140737868002,True
Flesch-Kincaid Grade Level,11379,13601,5.611029088672116,5.426299536798766,3.2500422886461022,0.0011554079924236626,0.04049804641427501,0.0012998339914766204,True
Gunning Fog Index,11379,13601,7.5473486246594605,7.386886993603412,2.7734354745709098,0.005550907940908109,0.03453797883905918,0.005994980576180758,True
surprise,11379,13601,0.08449694626465824,0.08628459046864406,-1.3597688130272518,0.17391596907948842,-0.017341454189494312,0.1806050448133149,False
longueur_phrase,11379,13601,14.411748022240861,14.4064674421608,0.04294938248557092,0.9657422380318949,0.0005457565657420144,0.9657422380318949,False
